far,near
far/00000.png,near/00000.png
far/00001.png,near/00001.png
far/00002.png,near/00002.png
far/00003.png,near/00003.png
far/00004.png,near/00004.png
far/00005.png,near/00005.png
far/00006.png,near/00006.png
far/00007.png,near/00007.png
far/00008.png,near/00008.png
far/00009.png,near/00009.png
far/00010.png,near/00010.png
far/00011.png,near/00011.png
far/00012.png,near/00012.png
far/00013.png,near/00013.png
far/00014.png,near/00014.png
far/00015.png,near/00015.png
far/00016.png,near/00016.png
far/00017.png,near/00017.png
far/00018.png,near/00018.png
far/00019.png,near/00019.png
far/00020.png,near/00020.png
far/00021.png,near/00021.png
far/00022.png,near/00022.png
far/00023.png,near/00023.png
far/00024.png,near/00024.png
far/00025.png,near/00025.png
far/00026.png,near/00026.png
far/00027.png,near/00027.png
far/00028.png,near/00028.png
far/00029.png,near/00029.png
far/00030.png,near/00030.png
far/00031.png,near/00031.png
far/00032.png,near/00032.png
far/00033.png,near/00033.png
far/00034.png,near/00034.png
far/00035.png,near/00035.png
far/00036.png,near/00036.png
far/00037.png,near/00037.png
far/00038.png,near/00038.png
far/00039.png,near/00039.png
far/00040.png,near/00040.png
far/00041.png,near/00041.png
far/00042.png,near/00042.png
far/00043.png,near/00043.png
far/00044.png,near/00044.png
far/00045.png,near/00045.png
far/00046.png,near/00046.png
far/00047.png,near/00047.png
far/00048.png,near/00048.png
far/00049.png,near/00049.png
far/00050.png,near/00050.png
far/00051.png,near/00051.png
far/00052.png,near/00052.png
far/00053.png,near/00053.png
far/00054.png,near/00054.png
far/00055.png,near/00055.png
far/00056.png,near/00056.png
far/00057.png,near/00057.png
far/00058.png,near/00058.png
far/00059.png,near/00059.png
far/00060.png,near/00060.png
far/00061.png,near/00061.png
far/00062.png,near/00062.png
far/00063.png,near/00063.png
far/00064.png,near/00064.png
far/00065.png,near/00065.png
far/00066.png,near/00066.png
far/00067.png,near/00067.png
far/00068.png,near/00068.png
far/00069.png,near/00069.png
far/00070.png,near/00070.png
far/00071.png,near/00071.png
far/00072.png,near/00072.png
far/00073.png,near/00073.png
far/00074.png,near/00074.png
far/00075.png,near/00075.png
far/00076.png,near/00076.png
far/00077.png,near/00077.png
far/00078.png,near/00078.png
far/00079.png,near/00079.png
far/00080.png,near/00080.png
far/00081.png,near/00081.png
far/00082.png,near/00082.png
far/00083.png,near/00083.png
far/00084.png,near/00084.png
far/00085.png,near/00085.png
far/00086.png,near/00086.png
far/00087.png,near/00087.png
far/00088.png,near/00088.png
far/00089.png,near/00089.png
far/00090.png,near/00090.png
far/00091.png,near/00091.png
far/00092.png,near/00092.png
far/00093.png,near/00093.png
far/00094.png,near/00094.png
far/00095.png,near/00095.png
far/00096.png,near/00096.png
far/00097.png,near/00097.png
far/00098.png,near/00098.png
far/00099.png,near/00099.png
far/00100.png,near/00100.png