under,over
under/frame_0001.png,over/frame_0001.png
under/frame_0002.png,over/frame_0002.png
under/frame_0003.png,over/frame_0003.png
under/frame_0004.png,over/frame_0004.png
under/frame_0005.png,over/frame_0005.png
under/frame_0006.png,over/frame_0006.png
under/frame_0007.png,over/frame_0007.png
under/frame_0008.png,over/frame_0008.png
under/frame_0009.png,over/frame_0009.png
under/frame_0010.png,over/frame_0010.png
under/frame_0011.png,over/frame_0011.png
under/frame_0012.png,over/frame_0012.png
under/frame_0013.png,over/frame_0013.png
under/frame_0014.png,over/frame_0014.png
under/frame_0015.png,over/frame_0015.png
under/frame_0016.png,over/frame_0016.png
under/frame_0017.png,over/frame_0017.png
under/frame_0018.png,over/frame_0018.png
under/frame_0019.png,over/frame_0019.png
under/frame_0020.png,over/frame_0020.png
under/frame_0021.png,over/frame_0021.png
under/frame_0022.png,over/frame_0022.png
under/frame_0023.png,over/frame_0023.png
under/frame_0024.png,over/frame_0024.png
under/frame_0025.png,over/frame_0025.png
under/frame_0026.png,over/frame_0026.png
under/frame_0027.png,over/frame_0027.png
under/frame_0028.png,over/frame_0028.png
under/frame_0029.png,over/frame_0029.png
under/frame_0030.png,over/frame_0030.png
under/frame_0031.png,over/frame_0031.png
under/frame_0032.png,over/frame_0032.png
under/frame_0033.png,over/frame_0033.png
under/frame_0034.png,over/frame_0034.png
under/frame_0035.png,over/frame_0035.png
under/frame_0036.png,over/frame_0036.png
under/frame_0037.png,over/frame_0037.png
under/frame_0038.png,over/frame_0038.png
under/frame_0039.png,over/frame_0039.png
under/frame_0040.png,over/frame_0040.png
under/frame_0041.png,over/frame_0041.png
under/frame_0042.png,over/frame_0042.png
under/frame_0043.png,over/frame_0043.png
under/frame_0044.png,over/frame_0044.png
under/frame_0045.png,over/frame_0045.png
under/frame_0046.png,over/frame_0046.png
under/frame_0047.png,over/frame_0047.png
under/frame_0048.png,over/frame_0048.png
under/frame_0049.png,over/frame_0049.png
under/frame_0050.png,over/frame_0050.png
under/frame_0051.png,over/frame_0051.png
under/frame_0052.png,over/frame_0052.png
under/frame_0053.png,over/frame_0053.png
under/frame_0054.png,over/frame_0054.png
under/frame_0055.png,over/frame_0055.png
under/frame_0056.png,over/frame_0056.png
under/frame_0057.png,over/frame_0057.png
under/frame_0058.png,over/frame_0058.png
under/frame_0059.png,over/frame_0059.png
under/frame_0060.png,over/frame_0060.png
under/frame_0061.png,over/frame_0061.png
under/frame_0062.png,over/frame_0062.png
under/frame_0063.png,over/frame_0063.png
under/frame_0064.png,over/frame_0064.png
under/frame_0065.png,over/frame_0065.png
under/frame_0066.png,over/frame_0066.png
under/frame_0067.png,over/frame_0067.png
under/frame_0068.png,over/frame_0068.png
under/frame_0069.png,over/frame_0069.png
under/frame_0070.png,over/frame_0070.png
under/frame_0071.png,over/frame_0071.png
under/frame_0072.png,over/frame_0072.png
under/frame_0073.png,over/frame_0073.png
under/frame_0074.png,over/frame_0074.png
under/frame_0075.png,over/frame_0075.png
under/frame_0076.png,over/frame_0076.png
under/frame_0077.png,over/frame_0077.png
under/frame_0078.png,over/frame_0078.png