ir,rgb
infrared/000091.jpg,visible/000091.jpg
infrared/000092.jpg,visible/000092.jpg
infrared/000093.jpg,visible/000093.jpg
infrared/000094.jpg,visible/000094.jpg
infrared/000095.jpg,visible/000095.jpg
infrared/000096.jpg,visible/000096.jpg
infrared/000097.jpg,visible/000097.jpg
infrared/000098.jpg,visible/000098.jpg
infrared/000099.jpg,visible/000099.jpg
infrared/000100.jpg,visible/000100.jpg
infrared/000101.jpg,visible/000101.jpg
infrared/000102.jpg,visible/000102.jpg
infrared/000103.jpg,visible/000103.jpg
infrared/000104.jpg,visible/000104.jpg
infrared/000105.jpg,visible/000105.jpg
infrared/000106.jpg,visible/000106.jpg
infrared/000107.jpg,visible/000107.jpg
infrared/000108.jpg,visible/000108.jpg
infrared/000109.jpg,visible/000109.jpg
infrared/000110.jpg,visible/000110.jpg
infrared/000111.jpg,visible/000111.jpg
infrared/000112.jpg,visible/000112.jpg
infrared/000113.jpg,visible/000113.jpg
infrared/000114.jpg,visible/000114.jpg
infrared/000115.jpg,visible/000115.jpg
infrared/000116.jpg,visible/000116.jpg
infrared/000117.jpg,visible/000117.jpg
infrared/000118.jpg,visible/000118.jpg
infrared/000119.jpg,visible/000119.jpg
infrared/000120.jpg,visible/000120.jpg
infrared/000121.jpg,visible/000121.jpg
infrared/000122.jpg,visible/000122.jpg
infrared/000123.jpg,visible/000123.jpg
infrared/000124.jpg,visible/000124.jpg
infrared/000125.jpg,visible/000125.jpg
infrared/000126.jpg,visible/000126.jpg
infrared/000127.jpg,visible/000127.jpg
infrared/000128.jpg,visible/000128.jpg
infrared/000129.jpg,visible/000129.jpg
infrared/000130.jpg,visible/000130.jpg
infrared/000131.jpg,visible/000131.jpg
infrared/000132.jpg,visible/000132.jpg
infrared/000133.jpg,visible/000133.jpg
infrared/000134.jpg,visible/000134.jpg
infrared/000135.jpg,visible/000135.jpg
infrared/000136.jpg,visible/000136.jpg
infrared/000137.jpg,visible/000137.jpg
infrared/000138.jpg,visible/000138.jpg
infrared/000139.jpg,visible/000139.jpg
infrared/000140.jpg,visible/000140.jpg
infrared/000141.jpg,visible/000141.jpg
infrared/000142.jpg,visible/000142.jpg
infrared/000143.jpg,visible/000143.jpg
infrared/000144.jpg,visible/000144.jpg
infrared/000145.jpg,visible/000145.jpg
infrared/000146.jpg,visible/000146.jpg
infrared/000147.jpg,visible/000147.jpg
infrared/000148.jpg,visible/000148.jpg
infrared/000149.jpg,visible/000149.jpg
infrared/000150.jpg,visible/000150.jpg
infrared/000151.jpg,visible/000151.jpg
infrared/000152.jpg,visible/000152.jpg
infrared/000153.jpg,visible/000153.jpg
infrared/000154.jpg,visible/000154.jpg
infrared/000155.jpg,visible/000155.jpg
infrared/000156.jpg,visible/000156.jpg
infrared/000157.jpg,visible/000157.jpg
infrared/000158.jpg,visible/000158.jpg
infrared/000159.jpg,visible/000159.jpg
infrared/000160.jpg,visible/000160.jpg
infrared/000161.jpg,visible/000161.jpg
infrared/000162.jpg,visible/000162.jpg
infrared/000163.jpg,visible/000163.jpg
infrared/000164.jpg,visible/000164.jpg
infrared/000165.jpg,visible/000165.jpg
infrared/000166.jpg,visible/000166.jpg
infrared/000167.jpg,visible/000167.jpg
infrared/000168.jpg,visible/000168.jpg
infrared/000169.jpg,visible/000169.jpg
infrared/000170.jpg,visible/000170.jpg
infrared/000171.jpg,visible/000171.jpg
infrared/000172.jpg,visible/000172.jpg
infrared/000173.jpg,visible/000173.jpg
infrared/000174.jpg,visible/000174.jpg
infrared/000175.jpg,visible/000175.jpg
infrared/000176.jpg,visible/000176.jpg
infrared/000177.jpg,visible/000177.jpg
infrared/000178.jpg,visible/000178.jpg
infrared/000179.jpg,visible/000179.jpg
infrared/000180.jpg,visible/000180.jpg
infrared/000181.jpg,visible/000181.jpg
infrared/000182.jpg,visible/000182.jpg
infrared/000183.jpg,visible/000183.jpg
infrared/000184.jpg,visible/000184.jpg
infrared/000185.jpg,visible/000185.jpg
infrared/000186.jpg,visible/000186.jpg
infrared/000187.jpg,visible/000187.jpg
infrared/000188.jpg,visible/000188.jpg
infrared/000189.jpg,visible/000189.jpg
infrared/000190.jpg,visible/000190.jpg
infrared/000191.jpg,visible/000191.jpg
infrared/000192.jpg,visible/000192.jpg
infrared/000193.jpg,visible/000193.jpg
infrared/000194.jpg,visible/000194.jpg
infrared/000195.jpg,visible/000195.jpg
infrared/000196.jpg,visible/000196.jpg
infrared/000197.jpg,visible/000197.jpg
infrared/000198.jpg,visible/000198.jpg
infrared/000199.jpg,visible/000199.jpg
infrared/000200.jpg,visible/000200.jpg
infrared/000201.jpg,visible/000201.jpg
infrared/000202.jpg,visible/000202.jpg
infrared/000203.jpg,visible/000203.jpg
infrared/000204.jpg,visible/000204.jpg
infrared/000205.jpg,visible/000205.jpg
infrared/000206.jpg,visible/000206.jpg
infrared/000207.jpg,visible/000207.jpg
infrared/000208.jpg,visible/000208.jpg
infrared/000209.jpg,visible/000209.jpg
infrared/000210.jpg,visible/000210.jpg
infrared/000211.jpg,visible/000211.jpg
infrared/000212.jpg,visible/000212.jpg
infrared/000213.jpg,visible/000213.jpg
infrared/000214.jpg,visible/000214.jpg
infrared/000215.jpg,visible/000215.jpg
infrared/000216.jpg,visible/000216.jpg
infrared/000217.jpg,visible/000217.jpg
infrared/000218.jpg,visible/000218.jpg
infrared/000219.jpg,visible/000219.jpg
infrared/000220.jpg,visible/000220.jpg
infrared/000221.jpg,visible/000221.jpg
infrared/000222.jpg,visible/000222.jpg
infrared/000223.jpg,visible/000223.jpg
infrared/000224.jpg,visible/000224.jpg
infrared/000225.jpg,visible/000225.jpg
infrared/000226.jpg,visible/000226.jpg
infrared/000227.jpg,visible/000227.jpg
infrared/000228.jpg,visible/000228.jpg
infrared/000229.jpg,visible/000229.jpg
infrared/000230.jpg,visible/000230.jpg
infrared/000231.jpg,visible/000231.jpg
infrared/000232.jpg,visible/000232.jpg
infrared/000233.jpg,visible/000233.jpg
infrared/000234.jpg,visible/000234.jpg
infrared/000235.jpg,visible/000235.jpg
infrared/000236.jpg,visible/000236.jpg
infrared/000237.jpg,visible/000237.jpg
infrared/000238.jpg,visible/000238.jpg
infrared/000239.jpg,visible/000239.jpg
infrared/000240.jpg,visible/000240.jpg
infrared/000241.jpg,visible/000241.jpg
infrared/000242.jpg,visible/000242.jpg
infrared/000243.jpg,visible/000243.jpg
infrared/000244.jpg,visible/000244.jpg
infrared/000245.jpg,visible/000245.jpg
infrared/000246.jpg,visible/000246.jpg
infrared/000247.jpg,visible/000247.jpg
infrared/000248.jpg,visible/000248.jpg
infrared/000249.jpg,visible/000249.jpg
infrared/000250.jpg,visible/000250.jpg
infrared/000251.jpg,visible/000251.jpg
infrared/000252.jpg,visible/000252.jpg
infrared/000253.jpg,visible/000253.jpg
infrared/000254.jpg,visible/000254.jpg
infrared/000255.jpg,visible/000255.jpg
infrared/000256.jpg,visible/000256.jpg
infrared/000257.jpg,visible/000257.jpg
infrared/000258.jpg,visible/000258.jpg
infrared/000259.jpg,visible/000259.jpg
infrared/000260.jpg,visible/000260.jpg
infrared/000261.jpg,visible/000261.jpg
infrared/000262.jpg,visible/000262.jpg
infrared/000263.jpg,visible/000263.jpg
infrared/000264.jpg,visible/000264.jpg
infrared/000265.jpg,visible/000265.jpg
infrared/000266.jpg,visible/000266.jpg
infrared/000267.jpg,visible/000267.jpg
infrared/000268.jpg,visible/000268.jpg
infrared/000269.jpg,visible/000269.jpg
infrared/000270.jpg,visible/000270.jpg
infrared/000271.jpg,visible/000271.jpg
infrared/000272.jpg,visible/000272.jpg
infrared/000273.jpg,visible/000273.jpg
infrared/000274.jpg,visible/000274.jpg
infrared/000275.jpg,visible/000275.jpg
infrared/000276.jpg,visible/000276.jpg
infrared/000277.jpg,visible/000277.jpg
infrared/000278.jpg,visible/000278.jpg
infrared/000279.jpg,visible/000279.jpg
infrared/000280.jpg,visible/000280.jpg
infrared/000281.jpg,visible/000281.jpg
infrared/000282.jpg,visible/000282.jpg
infrared/000283.jpg,visible/000283.jpg
infrared/000284.jpg,visible/000284.jpg
infrared/000285.jpg,visible/000285.jpg
infrared/000286.jpg,visible/000286.jpg
infrared/000287.jpg,visible/000287.jpg
infrared/000288.jpg,visible/000288.jpg
infrared/000289.jpg,visible/000289.jpg
infrared/000290.jpg,visible/000290.jpg
infrared/000291.jpg,visible/000291.jpg
infrared/000292.jpg,visible/000292.jpg
infrared/000293.jpg,visible/000293.jpg
infrared/000294.jpg,visible/000294.jpg
infrared/000295.jpg,visible/000295.jpg
infrared/000296.jpg,visible/000296.jpg
infrared/000297.jpg,visible/000297.jpg
infrared/000298.jpg,visible/000298.jpg
infrared/000299.jpg,visible/000299.jpg
infrared/000300.jpg,visible/000300.jpg
infrared/000301.jpg,visible/000301.jpg
infrared/000302.jpg,visible/000302.jpg
infrared/000303.jpg,visible/000303.jpg
infrared/000304.jpg,visible/000304.jpg
infrared/000305.jpg,visible/000305.jpg
infrared/000306.jpg,visible/000306.jpg
infrared/000307.jpg,visible/000307.jpg
infrared/000308.jpg,visible/000308.jpg
infrared/000309.jpg,visible/000309.jpg
infrared/000310.jpg,visible/000310.jpg
infrared/000311.jpg,visible/000311.jpg
infrared/000312.jpg,visible/000312.jpg
infrared/000313.jpg,visible/000313.jpg
infrared/000314.jpg,visible/000314.jpg
infrared/000315.jpg,visible/000315.jpg
infrared/000316.jpg,visible/000316.jpg
infrared/000317.jpg,visible/000317.jpg
infrared/000318.jpg,visible/000318.jpg
infrared/000319.jpg,visible/000319.jpg
infrared/000320.jpg,visible/000320.jpg
infrared/000321.jpg,visible/000321.jpg
infrared/000322.jpg,visible/000322.jpg
infrared/000323.jpg,visible/000323.jpg
infrared/000324.jpg,visible/000324.jpg
infrared/000325.jpg,visible/000325.jpg
infrared/000326.jpg,visible/000326.jpg
infrared/000327.jpg,visible/000327.jpg
infrared/000328.jpg,visible/000328.jpg
infrared/000329.jpg,visible/000329.jpg
infrared/000330.jpg,visible/000330.jpg
infrared/000331.jpg,visible/000331.jpg
infrared/000332.jpg,visible/000332.jpg
infrared/000333.jpg,visible/000333.jpg
infrared/000334.jpg,visible/000334.jpg
infrared/000335.jpg,visible/000335.jpg
infrared/000336.jpg,visible/000336.jpg
infrared/000337.jpg,visible/000337.jpg
infrared/000338.jpg,visible/000338.jpg
infrared/000339.jpg,visible/000339.jpg
infrared/000340.jpg,visible/000340.jpg
infrared/000341.jpg,visible/000341.jpg
infrared/000342.jpg,visible/000342.jpg
infrared/000343.jpg,visible/000343.jpg
infrared/000344.jpg,visible/000344.jpg
infrared/000345.jpg,visible/000345.jpg
infrared/000346.jpg,visible/000346.jpg
infrared/000347.jpg,visible/000347.jpg
infrared/000348.jpg,visible/000348.jpg
infrared/000349.jpg,visible/000349.jpg
infrared/000350.jpg,visible/000350.jpg
infrared/000351.jpg,visible/000351.jpg
infrared/000352.jpg,visible/000352.jpg
infrared/000353.jpg,visible/000353.jpg
infrared/000354.jpg,visible/000354.jpg
infrared/000355.jpg,visible/000355.jpg
infrared/000356.jpg,visible/000356.jpg
infrared/000357.jpg,visible/000357.jpg
infrared/000358.jpg,visible/000358.jpg
infrared/000359.jpg,visible/000359.jpg
infrared/000360.jpg,visible/000360.jpg
infrared/000361.jpg,visible/000361.jpg
infrared/000362.jpg,visible/000362.jpg
infrared/000363.jpg,visible/000363.jpg
infrared/000364.jpg,visible/000364.jpg
infrared/000365.jpg,visible/000365.jpg
infrared/000366.jpg,visible/000366.jpg
infrared/000367.jpg,visible/000367.jpg
infrared/000368.jpg,visible/000368.jpg
infrared/000369.jpg,visible/000369.jpg
infrared/000370.jpg,visible/000370.jpg
infrared/000371.jpg,visible/000371.jpg
infrared/000372.jpg,visible/000372.jpg
infrared/000373.jpg,visible/000373.jpg
infrared/000374.jpg,visible/000374.jpg
infrared/000375.jpg,visible/000375.jpg
infrared/000376.jpg,visible/000376.jpg
infrared/000377.jpg,visible/000377.jpg
infrared/000378.jpg,visible/000378.jpg
infrared/000379.jpg,visible/000379.jpg
infrared/000380.jpg,visible/000380.jpg
infrared/000381.jpg,visible/000381.jpg
infrared/000382.jpg,visible/000382.jpg
infrared/000383.jpg,visible/000383.jpg
infrared/000384.jpg,visible/000384.jpg
infrared/000385.jpg,visible/000385.jpg
infrared/000386.jpg,visible/000386.jpg
infrared/000387.jpg,visible/000387.jpg
infrared/000388.jpg,visible/000388.jpg
infrared/000389.jpg,visible/000389.jpg
infrared/000390.jpg,visible/000390.jpg